Antibodies,TrkA_DMSO_10_r1,TrkA_DMSO_10_r2,TrkA_DMSO_10_r3,TrkA_DMSO_45_r1,TrkA_DMSO_45_r2,TrkA_DMSO_45_r3,TrkB_DMSO_10_r1,TrkB_DMSO_10_r2,TrkB_DMSO_10_r3,TrkB_DMSO_45_r1,TrkB_DMSO_45_r2,TrkB_DMSO_45_r3,TrkA_DMSO_10_r4,TrkA_DMSO_10_r5,TrkA_DMSO_10_r6,TrkA_DMSO_45_r4,TrkA_DMSO_45_r5,TrkA_DMSO_45_r6,TrkB_DMSO_10_r4,TrkB_DMSO_10_r5,TrkB_DMSO_10_r6,TrkB_DMSO_45_r4,TrkB_DMSO_45_r5,TrkB_DMSO_45_r6
Bad P Ser136,1.1952136625741554,1.0242463233834953,1.2609075875608504,1.1959221752169398,0.8657551427567878,1.2140006211776868,1.1441360331576589,0.7064899424657746,0.8672795204608759,1.0414947624705655,0.6954687885460671,0.667933632670589,0.9407673601711299,2.751690439218317,0.993708089250789,0.6626781980164755,0.6766632443403855,1.153764048708456,0.9116011304965356,1.0921880217406306,0.857804530755076,0.5047855689554939,0.4565163691059738,0.8772746234244392
Bad P Ser112,1.5012390200763779,0.8790891511397216,1.1469811290005607,1.5597648190887885,1.306903576822539,1.1354254498897813,1.6608791280807544,1.2679734570986994,1.1515403964072124,2.2012932788308497,1.4209945199948961,1.3791872291510416,1.2982333156902441,0.8678710926246727,1.0677981220776134,1.0143442656870332,0.8686979800654369,1.1689787468024295,1.2661075681664717,0.9586681879327439,1.2308267765874783,1.0931564504886662,1.2302542760672621,1.8126808929127658
Bak,1.2917208222077317,1.0794946187241383,1.2827902814607204,1.357286057085094,1.1658384367681556,1.193005609591716,1.2773828114441208,1.0628554266632202,0.904617337452173,1.0625961259255718,0.9354545401208674,0.8770012595524243,1.225839063763345,0.7524073679253319,1.0951515089165862,0.7311565905016048,0.695485498776958,0.9453221164553274,1.4809976488655034,1.4032733887210231,0.9839287097661673,0.9018729653195762,0.7538220511238821,0.8165918400517629
CrkL P Tyr207,1.3388882894865985,0.9772761885356192,1.2701551793904533,1.3275610919993577,1.0828448503834156,1.3605431466852675,3.0050669059776527,2.2884062863310155,2.117516313454781,2.8387283835984825,1.926663955292323,1.9063063104833393,1.1858549770667661,1.14820574092808,0.9347630788334965,1.4911676086759054,0.8290430022535074,1.071354596629021,1.4967030768159515,2.282126120377551,1.9653686200972065,1.3089218820361883,1.878023979795445,2.8695460164159465
HSP27 (HSPB1) P Ser78,1.0795919665848777,1.2072018204461608,1.41530464933963,1.1636092935366078,1.182374578297182,1.090034456676032,0.9479868257124183,0.9479147399803435,0.7941657299686117,1.4366342605853328,1.2117668384260787,1.0970657348712631,1.0891399798024959,1.9751481825660477,0.7770252608599654,1.011702627796544,1.2557800233525394,0.8036266473325986,6.373076194083106,4.754273089645143,3.391033481865481,3.1352290087652506,3.2513769727599384,3.228579034623664
JAK1,1.174981865671206,1.5777143378787524,1.642179654762365,1.297286871780858,0.84614016397764,1.3877819252896235,1.330527417189411,1.1493890903943353,1.2223572032524952,1.0479246766363064,0.9878028634005702,1.0814213093255667,0.5629731308867001,1.2791471637656846,0.6068620993187441,0.8979637539716547,1.3591624185164257,0.4061123209202801,1.3934033275058755,1.3105297492326278,0.9541165951138164,1.1960351478810844,1.0898956389402916,0.8384645444247324
MEK1/2 P Ser217/221,1.9565133482280874,1.7863300672999363,1.8810003395053114,1.8868828664228472,1.5801163600190056,1.3473292514689346,2.5530666994330744,2.0726183218752072,2.362468013355263,2.172282967983857,1.703801001256193,2.0096215074640993,1.9296689616519096,2.1565258452649188,1.8503091272524501,1.339796636760633,1.6825866073570395,1.4955951907532232,8.46702210836571,6.737724698059066,5.9921489698526536,6.151833075332528,6.9156133827231665,7.916845023071748
Met P Tyr1234,1.2688046654467113,1.0369055976435364,1.5130456166737374,1.3101174174962276,1.1567749231127948,1.3164700248937093,1.7013173525382939,1.380532826851113,1.4786477733156382,1.2625912833745185,1.0453772390099396,1.248701920679047,1.2204037831122658,1.0013156684205402,0.9664642959808254,0.884164371242762,1.0232670250817748,1.085244302278091,1.5648585830375654,1.4587120572636387,1.2512269544900476,1.0812424910542884,1.3579664158993947,1.6116354515696618
PI3 Kinase p110-alpha,1.1799368944538942,1.0646860544833456,1.310673727981472,1.17578841959717,1.0954587136959726,1.2196066029545112,1.237268288300565,0.9310367917218488,1.055208941579916,0.9895671181083306,0.7659608365298197,0.8389679525052832,0.9968991597793405,0.9239150367509444,0.8898897930064857,0.924604695592634,1.0178695918783078,0.9730085759744413,1.2093047477179366,1.0594836510974244,0.8960859267334437,0.8752132017319706,0.9427218262276585,0.9871912867082013
PKA RII P Ser96,1.2885028896689203,0.9428369550434537,1.1137807125788697,1.1365787336471815,0.904591762190754,1.0804718421674633,1.2990763046658624,1.2379325135226653,0.9283245708426316,1.0675373682903393,0.8831856809406962,0.6925061839771178,1.1719595847122442,0.9823064797020541,0.8535843305647085,0.9750592553107534,1.072322751685073,0.7094030949559154,1.4849369010291242,1.0724499103201486,0.8311683214091188,1.2562917946550305,0.9024075502535529,1.1172256478204918
PKC (pan) P Ser660 (beta-2),1.421199268291702,1.3817882554806462,1.5912647611073436,1.5781560627342819,1.6809343995482804,1.6363420901708592,2.9071281017269657,2.43865126236661,2.094542616230095,2.9103880922734953,2.338226072404259,2.112765435378117,1.3166107727116378,1.4083969645585455,1.1384478001802907,1.243236574906183,1.2428906132925783,1.2225828155615324,2.3330300532711354,2.082110716421079,2.0034193194669787,2.214301605798589,2.203067705188818,2.887600489797056
PKC substrate P (R/K)X(S*)(Hyd)(R/k),1.3131665282793097,1.1137896069833402,1.3672898012076509,1.106177869458724,1.0941083599153136,1.2192024893704907,1.2184879721385533,1.080194113368332,1.1321836509208165,0.9874689145410979,0.7549010920340666,0.8185899759337915,0.8763442021167897,1.1660130831707358,0.9381071444304312,1.057945204885644,1.1745425503156328,0.8757852994943148,1.079287302010161,1.1051665813599798,1.0713775043494518,0.9350252601945488,1.026071908794065,1.1381877956459785
PKC-zeta,1.2077253109098633,1.0265676900228342,1.4651180497154732,1.164160282918806,1.1554528371366992,1.2370008637784689,0.6626803891379575,0.5859042732263194,0.5964425850760138,0.4858353122062338,0.4711970254362239,0.5109123833623163,1.325527356111922,0.7816370767246782,1.042179290784547,1.1484363797473869,0.9378037592183898,1.1634158213026213,1.545153457079889,0.5369727171415198,1.173639267817654,1.2266984760560438,0.5526761700878287,1.6945204727299414
PKC-zeta/lambda P Thr410/403,1.0767395364818222,0.9967307509053142,1.2792790998506876,1.0346328870832453,1.0147121900097564,1.1302489069708095,1.1107668883918091,0.9332858106694161,0.966110141556307,1.0132998100021724,0.7138186890312329,0.8380600552772839,0.9859305491348186,1.1220894598775044,0.852199137837408,0.8946442740312309,1.0729225626482648,0.974863759015887,1.1572588131717199,0.9281481071768001,0.9871289097090915,0.8246368240086216,0.8851133614798743,1.286827606280949
CDK1 (cdc2),1.3778673832280526,1.1657027658827752,1.5181251619185165,1.3535787362477363,1.2674144703771024,1.3050961077590921,2.1086589442265247,1.7714725437860777,1.650937919118332,1.361628091229253,1.102921865514509,1.2068736402002014,1.132218887438543,1.0506736864671757,0.9739105469363296,0.9077484685765236,1.073212847660355,1.0219864792008564,1.3675366255372108,1.1466843384169234,1.1143717352109335,0.9124200404337581,1.1100861388229695,1.3392318550067688
Met P Tyr1349,1.2005033154799953,1.1985447095347226,1.5049372180612999,1.137144713009552,1.1147718212963418,1.214292929177992,2.5649431805117535,2.1266322494930616,2.0020981414394665,1.4271538217502364,1.218087355057358,1.1852011485448648,0.9666344386772368,1.1034860420791621,1.0187493560511836,0.7166287538941786,1.1995400477379705,1.0312099296079382,3.001205809231116,2.458705514681485,2.3591160335053147,1.7686843465386377,2.1676568749920686,2.6435598040633375
"IGF-1R beta P Tyr1162,Tyr1163",1.6067535174359135,1.293319059031669,1.7401951678140242,1.435552485900646,1.2780281148300197,1.502174299546999,3.015209169766713,2.470543447574682,2.2925947821392327,2.0442446273257717,1.627166515894615,1.5612452317175551,1.3445745094470114,1.3322686109522104,1.1544256150096488,1.0422470871315246,1.2273114907563991,1.1218156976504101,2.7883986099124805,2.0635642269785017,2.0281603558080916,1.7575219185883353,1.974517471001588,2.5450229962152338
ErbB-1/EGFR,1.1461271824334098,1.083636889352315,1.338664436491112,1.1905101052854816,1.2235059224263065,1.3318663683357908,1.525668642414089,1.150226909489069,1.0925883002278196,1.261498563985896,1.0908741750216384,1.247988093331069,0.9795168976122638,1.1097303569060881,0.8367030580458443,0.8798741836943371,0.9501298487960548,0.9903277289992609,1.0110656960157318,0.9239704914296142,0.9495930216738269,0.8477683788473096,0.8657971506381532,1.216559964799068
ErbB-2/Her2/EGFR P Tyr1248/Tyr1173,1.6629942525749248,1.3493673226182301,1.791555480139024,1.7648852142378988,1.4116405167378172,1.6505414860987377,15.716268726762296,12.504212894882535,11.54110088124704,8.96999080421863,6.197507426834674,6.315517488638767,0.9599952022209425,1.899413399776388,1.0872679422018952,1.0466247069152705,1.1038942436026238,1.3371837456149915,8.833610738748188,6.69141663469131,5.20919103265137,5.608623939477624,6.282618413485745,6.835476455455245
ErbB-3/Her3/EGFR,1.4326992247394985,1.0805922698609256,2.1452304401846503,1.7578147849597077,1.3465513615974174,1.8356566355305108,1.8694486810491486,1.3765990801066528,1.4233488573320958,1.3110236722727284,0.9012797353835578,1.0352529475692356,0.8835827251743653,1.1729672923582417,0.8621730869667128,0.7509830396665871,1.2267170262824363,0.7925652896829148,1.2362680311614638,0.990662810052673,0.9096396667108753,1.1418937793711952,1.078449123636067,1.4010605634964537
ErbB-3/Her3/EGFR P Tyr1289,1.5850188220078236,1.04307331078914,1.3752556857047689,1.5698810142629374,1.0773623838125228,1.2819615962571664,2.0051843913485037,1.6921672500822773,1.355021273950069,1.248941069906298,1.08400607422141,0.9638728194328643,1.4050420568450057,1.0225297980420651,1.402269075640929,0.9442611943232827,0.7969864381118575,1.3967984938386009,1.0582630457170095,0.927012991615839,1.2234926606771466,0.7825915590479061,0.6394319077237525,1.5565017678609598
Stat5,1.109540346064241,0.9503923861254314,1.1063856956372409,1.0346692171888847,0.9897387118554355,1.0461912819508496,1.186581637735032,1.0155207074218446,1.0048526063599108,0.9726069168639324,0.8251757736603406,0.8535919335825992,0.9531631397256604,0.975164752084194,0.8753365658684982,0.8161373942759086,0.9547077111766887,1.0203766680947102,1.1041894253796374,1.0432693338032948,0.9759779111571503,0.7882012760566702,0.9174680906071776,1.102032380457565
Stat5  P Tyr694,1.14934212456398,0.9280267240061237,1.2414572875159784,1.188775019724467,1.0678901879717528,1.1333428849669778,1.3395140332878883,1.0510867293595472,1.07812914193438,0.943138970510097,0.7027835825551197,0.7950730245506652,1.0758829186262524,1.0019741009462415,0.9404590325160304,0.8670779592038426,0.9670139116478423,1.056759375598117,1.0028989945390203,0.8874715848602193,0.9035047810620231,0.6562126750922654,0.7994617426554087,1.0503155933677053
EGFR P Tyr1173,1.1391753256559018,1.0221278385708594,1.2755352585727529,1.1281982108089326,1.049934339770195,1.1994317383619237,1.3306817820310421,1.1162873496928736,1.0950993827711772,1.0940506660336482,0.8634608535385865,0.8766375695435804,1.0308211853612184,1.0874780651543048,0.9098313513168215,0.8489601820282607,0.9932100724238896,0.9295630734293349,1.38914228080087,1.1200556133705601,1.2032788842727578,0.9914268895235874,1.4925752601181752,1.3006453849449946
Akt P Thr308,1.9463013772481208,1.6459360861666117,2.2113203272354953,2.2104824469970765,1.997041573848614,2.449424464666918,10.345735723042495,7.3884283310313394,9.286840445863126,8.00535192826678,5.402559229504068,6.884860728525967,1.359172721570403,1.2875172290017123,1.1284253340765877,1.1968995403127392,1.3035416392984094,1.254376858901937,5.533802957763643,4.135615119999011,5.2092560921016915,3.684323400795951,4.4696850475002305,7.345178866779215
Met,1.490174247942337,1.3880309242492692,1.804554207083741,1.4254710644175626,1.5238579148423996,1.72875822177799,4.218409812195338,3.3998221684965757,2.7956856724435557,4.758335192774945,3.3736430112188964,2.9011275373624903,1.2090453830014263,1.217549455093048,0.9936838492570863,0.8772300514285784,0.6867158515695834,1.0708412171007564,1.6161880240830229,0.9438805524645317,3.1492867011647707,1.5999564243230195,1.195373995703743,4.397920469456452
"S6 Ribosomal protein P Ser235,Ser236",1.5636986248731344,1.3718949641667533,1.9215069529199433,3.4914429108962644,3.373154981614484,4.012779626742424,2.2409295766870727,2.0535378863379385,1.865632605402201,11.45658601059958,8.34009280538752,8.43150165459747,1.2232255191693404,1.5983185590885545,1.4800234726297015,1.2561466180605259,1.6933061228373505,1.6637410781396311,2.2298239758911924,1.869707389794664,2.0131383709308177,6.262332584854432,10.641977379076693,12.22171578691603
p44/42 MAPK (ERK1/2),1.1797289988391266,0.9805031514688431,1.375323655792777,1.1603344813722323,1.0431658344055872,1.233871099948726,1.372206686671725,1.2031088274265016,1.2414622693951753,1.2381757006919334,0.9121770606712322,0.9318388207095085,0.9950911544206198,1.0551811349864457,0.9060482993436567,1.0101103425648819,1.1789995063033565,0.9578574766002143,1.1777824585734904,0.9782650950009496,1.0745762276231985,0.9164357816866203,0.9444538807003527,1.4002167436701223
"p44/42 MAPK (ERK1/2) P Thr202/Thr185,Tyr204/Tyr187",4.848076126233882,3.810725877897433,4.913486737935481,4.0991843630192575,3.507983053449245,3.8428384539564466,10.92480600659193,8.326298293888222,9.91091071239941,11.040280624241136,7.789709293573694,9.632117986739342,2.8410733052261183,3.3519414267538803,3.061687547754346,2.049151852861443,2.6579075759951727,2.130750063032011,5.739818912108886,4.967598374475198,5.35305673730709,4.362255797592705,4.9769340538139,6.593422951144419
Src ,1.1413108412807607,0.9301961336234225,1.2429270425538772,1.0362051094977012,0.9522019159237574,1.039632761968147,0.771955267587035,0.6228907627847183,0.6590861913184615,0.6754190074616391,0.48668453230368186,0.5465720031311666,1.094683230549909,1.0649333506780296,0.9367450462105859,0.9459902164109779,1.0268405117336876,0.9317569755187706,0.8773401322834052,0.718426530957163,0.6618612150187476,0.6741605379366438,0.5832067143960472,0.5927910226338
Akt,1.195059392698515,0.9408265881457643,1.2153156598895483,1.0740329634861665,0.9769212614163287,1.0305294044179611,1.0238239350084386,0.915616799211554,0.8585794881455688,0.8740282760682775,0.67133686295654,0.7360614352381318,1.0606934978653693,1.0119298740524358,0.9170895217661761,0.9029927114446713,1.005153794962261,0.9930353550875607,0.8396903831472984,0.764597980169643,0.7790888157311782,0.5969407605178341,0.7511356231414409,0.9266175296962355
Akt P Ser473,1.4124011813550235,1.1966543734122854,1.8330863249198723,1.753095538842259,1.7518533876642406,2.1599146363708597,8.214848569305408,5.664007930288001,8.275581831082068,8.109457198919921,5.3210088323636855,7.93542154309283,1.3503156718238094,1.289361341183302,1.0124838796521336,1.1632928279322594,1.4423548521637792,1.211019903511717,5.5466961607337595,4.561859995963583,4.413252882165673,4.7990577723093475,4.933466578712347,6.087380262811714
beta-actin,1.2944939116735679,0.8961162535541248,1.0862769006264765,1.0805763550156668,1.0233238129645115,1.07103579171019,1.303327667204196,1.2182648499440443,0.947000514051341,1.4007465311291456,0.955815718560869,0.8832345829204286,1.071757083596789,1.1433965812284639,0.9614242719848817,0.8781528156808875,0.9669422368002187,0.8558354835114641,1.1639397792047737,0.8658041472559539,0.9742461508153177,0.8674266291876157,0.913701942205192,1.2950423337699062
NFkB p65 Ser536,1.2442580729612847,0.9801546317901906,1.235272919341827,0.9913202842426929,0.8990130171675706,1.0706663712580664,1.9751879644876555,1.3108649142646789,1.23367442234682,1.2172920778476874,0.7371257660689704,0.7135702040350419,1.0277546474999373,1.0589562129181636,0.8694273597986824,0.7616291227137729,1.0011975226941454,0.9401381974964421,1.118425791518476,0.9711598195654086,1.0577668612136315,0.7678610922899585,0.9403523478516751,1.1173092037608108
cdc25c P Ser216,1.1528375872505272,0.9659378056963468,1.402370052823738,1.2029175149582547,0.954286141789762,1.3928043146932683,1.00078134153565,0.8409615205918692,0.9978405376842763,1.2168698010584977,0.8127808104592854,0.8613053429980178,0.960563487456253,1.1926797329015368,0.9826808933675673,0.90218621420669,1.0975643790798197,1.1165130654255564,1.0679160191526633,1.0218139716306536,1.0439615820732002,0.8569237175154849,1.017103848990672,1.3272649469088162
c-Jun P Ser73,1.3363913615225635,0.9820135969675435,1.4154673135340516,1.36228132945111,1.0221710068585135,1.2221482445325107,1.4370993215464465,1.2996089387541263,1.1835823468133297,2.0010023809086808,1.4091038829576308,1.4449804740248533,0.9249917551941547,0.8940996178987733,1.3040109122619126,0.6836091673566925,0.856130262869263,0.9648471528520323,1.2181079635936292,1.0041310997403603,1.1604355540752638,1.4649615154789717,1.5749800610081277,2.108090496071923
c-Myc,1.2075725870002227,0.9580568580734914,1.2485521344639512,1.1847275549769654,1.0203428215792232,1.22798230251255,1.0959651863712523,0.9276195211279122,0.8752952101883255,1.1736911401103698,0.8589633267500187,0.8202941709189788,1.0668330680961697,1.1263637719673767,0.9018765679277876,0.9600019887958718,1.0556489031495706,0.9209847893329528,1.0542418757030037,0.8840153534779343,1.0517120413025567,0.755064536671779,0.8979927324108424,1.0114973723659653
Rb,1.1628521928716413,1.0232612020058107,1.3039727322359134,1.192306728794464,1.1130011044755097,1.1414862383303472,1.170926970636376,0.9493731894784821,0.9812384493430487,0.89660118435739,0.7346610561532673,0.7951533866334773,1.062450540442675,1.0301308445511543,0.9255993626831623,0.9116634174579552,1.0132281516706143,0.9632704376775283,1.0643138414178588,0.9283359199307643,0.9162091487922526,0.6888466176011471,0.8501445365559073,0.957145739263823
4E-BP1 P Ser65,1.1182036283642578,1.0373890647051616,1.361948901031181,1.144958017588285,1.0493979651801284,1.19827108604372,1.183196874298707,1.1196265276424278,1.2444664658747162,1.0403634310252794,1.0590916210590828,1.2286776514448572,1.0264035134148646,1.302179191642188,0.7776693873022723,1.0398049496118908,1.114578802854083,0.8930357906017665,1.144710610569762,0.9602962020324606,0.8256911192519566,0.951939847105394,0.935518491177526,1.1025625931142613
"4E-BP1 P Thr37,Thr46",1.072193495974336,0.9116240507743313,1.2141988094238538,1.1092349952361615,0.9530899342730565,1.1906122169296218,1.1472257672608754,1.067504327179371,1.1401475967556196,0.8716224326480514,0.9464817456727301,0.8316410988527869,1.0608522965858942,1.0717866227852757,0.8243240116475835,0.9478145539407523,1.0694350953611973,0.8383155325920055,1.1279318419369184,0.9238985657004205,0.9227749516778929,0.8232153953901791,0.8631528432127606,1.090034331001702
beta-Catenin,1.0822750722619197,0.810624985774331,1.132448134718615,1.0539450561980954,1.06728899409458,1.212875912584115,1.0662093097548175,0.9210362920655037,0.9323828977216264,1.1278512814350843,0.8971015988318317,0.90052189986034,0.9118378479323016,1.116897536808166,0.8428663683120867,0.852622081207228,1.1603958979957794,1.0047856125822743,0.9746148308214797,0.8923583288956687,0.9389782184497285,0.8288085621940747,0.9192379399799924,1.1699247625401865
"beta-Catenin P Ser33,Ser37,Thr41",1.1072887247675876,0.9807195265283447,1.3130169786433707,1.2184564137729974,1.1114471527543346,1.344466447043386,1.025870592300227,0.9877680466857849,0.696295250349274,0.943742561368508,0.7785832546138648,1.0953771283061158,0.90960887639325,0.9709914103983059,0.9760507056287075,1.1099803448368188,0.850428799855648,0.5066026117882038,1.1558826092793864,1.0325432512904342,0.8244197735346424,1.0372184805349436,1.1157533118842946,1.0534585959255227
cdc25A,1.923830235891645,1.2358776707659511,2.0447089435333843,1.6328863526446062,1.4689502221770971,1.56205707205984,3.289757917453758,2.713160450512407,3.3381736382993195,2.4991625867259994,3.328115700255383,3.427440124216116,1.3600705643371365,7.972057750994252,1.134671494870061,1.3435413082477288,2.733067293358976,1.3323506557287668,2.2648457530865502,3.5905957741466197,1.8640237437948466,2.1924689482957374,3.9773466307874705,2.381021084839895
PTEN,1.124768005469839,0.9216078971054132,1.2416113040975632,1.0227648007186574,1.2622685371365145,1.0414305862019175,1.0467191596551548,0.8493154783046578,0.9036610108469731,0.899390231617181,0.763623612304941,0.7921062384324172,1.0232736495487709,1.037759377808683,0.9129194488926202,0.875314404260438,1.0569555098809198,0.9805188106430569,1.166242194521995,1.0366806674154911,0.8579453331903545,0.8995944187014561,0.9759292039806792,0.9894916944689717
Tsc-2 (Tuberin) P Thr1462,1.2950162486082248,1.117807006471776,1.5667265162981752,1.634855083465445,1.3318695664562372,1.5568697738303185,1.8403610697302568,1.3600695765093465,1.538425188024928,1.4434590049377443,1.0948771156685664,1.405860899216643,1.2456145177519742,0.8607881483964619,0.9494851274285205,1.0009471052295311,0.9632887896823632,0.9712613267558775,1.5255710722048654,1.3615527152781726,1.2316998788558113,0.6942880269112814,1.4574040701053783,1.4400613840716279
Tsc-2 (Tuberin),1.0380665624830892,1.0180043565411099,1.2116649831810378,1.0749756544709446,1.0181327912391371,1.1097467180023541,1.19107718506199,0.9064709441727621,0.9101977887623985,1.0309125238357886,0.7961114002788809,0.8526436253637821,0.9765344150249925,1.057403578531853,0.8888705319973712,0.9217847025841105,1.0969060032750182,0.8907914752199011,1.182854097341382,1.004461790998255,0.9187871075075084,0.8881923987824767,0.9299440053453019,1.0328284954862492
p70 S6 Kinase P Thr389,1.1208615524073773,0.8655131949835073,1.0510858214877317,1.0305609948649197,0.8828341564276684,1.0838084057230661,1.538817923164742,1.228067434844252,1.2502073451323592,2.1622555953091127,1.676218983989046,1.7150031508935546,1.186637454742807,1.2629258876377292,1.0975872796005244,1.013989110787778,1.204991471637762,1.041107048689547,1.4677642595782625,1.320207810394397,1.2908023454816906,1.4565194547812181,2.234819550787308,2.539795570554157
"PTEN P Ser380,Thr382,Thr383",1.1995653435463955,1.0394691887654843,1.2467680719312628,1.1758419541363951,1.1049852300517298,1.095551703374208,1.1095087387783258,0.8271196903868869,0.8477463134966542,0.9411407523647766,0.7186511249237724,0.7283585415271027,0.9673883298487248,0.8925268077455148,0.8704298514658425,0.8712251655735506,0.9490621324063627,0.8854058714193296,0.9661165172343816,0.8778583903134554,1.0076207592334447,0.7295813770198178,0.9032324594077153,1.1170747867635713
SAPK/JNK (JNK2),1.521273162023853,1.3312800189321539,1.564540980686041,1.4922091124066048,1.192586450614162,1.4297280056887127,1.2825210754141916,0.8687061220467914,1.0269204419855096,1.4175850937006318,0.6813017530756328,0.8631531230364494,1.4030863368698279,1.0438430764305404,1.0663906507748004,1.3329971999748707,1.0441777169462834,0.9809907751649692,1.467530176970882,1.311171038837844,0.758788056931658,1.2795600125717517,1.178318624454378,0.7516943795035508
"p70 S6 Kinase P Thr421,Ser424",1.2429647545460616,0.9528855036864858,1.2683880739490316,1.258149356299,1.191734040102792,1.3225525499988775,1.814789875628842,1.6717172296955087,1.6009679115433542,1.9728697071804329,1.5763363889366397,1.619484654365614,1.229897782090146,1.2465628559857942,1.0951791751345896,1.1090826597797128,1.2726719059293696,1.0851941722047134,1.6187495530193463,1.2834263018199419,1.3667541706409108,1.4890336001896491,1.6264696350486836,2.026760121140239
GSK-3-alpha/beta P Ser21/Ser9,1.28202213105327,1.0806543397373234,1.371154102488115,1.2497258749667783,1.1218339472369476,1.423755103970747,1.8094307021915834,1.3331994478624007,1.6300988813305053,1.6094537760033971,1.1598989896338678,1.3598759272574235,1.0703484208836358,1.047964431260216,0.9840526791001021,0.9816078823392528,1.0720520562383102,1.0919046261101277,1.8404604052183453,1.3486864800848428,1.8696765949654364,1.5788136014726621,1.2323891089378847,2.390790421789156
Stat6 P Tyr641,1.4215034152422432,1.204744085133076,1.623581316021604,1.2281821682396343,1.1256968222914392,1.4109833133813732,2.816924536294348,2.32599702553738,2.1242584720574627,1.8763928802128516,1.5355352531719917,1.4324884400371365,0.9727464815049279,1.0785781139165749,1.2843761149911415,0.8424858793074814,1.0486212300003388,1.0545198095867012,1.9322805491927797,1.8914151172373117,1.451774312904816,1.4744479731127924,1.7290153097808956,1.5809972515778865
p53 P Ser15,1.141995567620203,1.2866204399208088,1.7607103112548477,1.3081513627935482,1.2410815654823495,1.187749989267093,0.9139485757728188,0.7570658351612138,0.9331286880018133,0.7779981962355488,0.7272327797319819,0.8430945610280388,1.3880732921854873,1.584272062721891,1.0153152996027068,0.520036294206239,0.8169177615318955,1.354674062751428,1.541553826183232,1.014765184397716,0.8367358579020125,0.8822442574046275,1.1346402951016747,1.1020191995186075
"p38 MAPK PThr180,Tyr182",1.838535342346334,1.55119608827244,1.6529520073013004,1.5820787512560353,1.1786738505312753,0.9466305168940096,3.3028344019507236,2.5194658740300997,2.976992256634507,3.366014323160647,2.7147718514442936,3.023711258219589,1.5674427980144512,1.964294167688231,1.7444338945487108,1.0889293826587745,1.2918934933229629,1.1715679369097685,10.111165991343551,5.003255979355212,4.804717709908258,6.022818989682493,4.315033526698005,5.48461518416799
p38 MAPK,1.117672644696572,0.9253499619995761,1.1449771219726417,1.1037953620935923,0.9488813390491198,1.0798173097300845,1.112685126602636,0.9038083024004775,0.9263061682372709,0.9726615681620279,0.7406734096890323,0.8028564429289459,1.024032840617457,1.0252619394845552,0.9156180316865352,0.9236500542685944,1.0280259703077679,0.9314409423815377,1.080504430367559,0.856366850889145,0.9304040180843272,0.7885037264862506,0.7958231771857031,1.1278976983737985
mTOR P Ser2448,1.1561394644871983,0.98903321384803,1.1777237257036768,1.084091986987979,1.0033238241226239,1.0530545825385635,1.1873842513358166,0.9047109831698246,0.9025607045528083,1.139133452283689,0.9334400425928194,0.940274201655509,1.068084671976553,1.000343339964818,0.9378736490242273,0.9210732236351868,1.0229498103519779,0.991603301272706,1.0423223752082018,1.0147656248625423,1.1025753519592894,0.8519851671417797,1.0406965131616805,1.2654772500843092
mTOR,1.1942353751086185,0.9389276365511867,1.282130686112058,1.2151137184781424,1.133483346572631,1.1966014106142608,0.8805027153699868,0.7583797855856041,0.8651942001864421,0.8503110159504286,0.6891022778114793,0.7895843855440604,1.0975722383925943,0.9512435361014016,0.8054605634939348,1.2164769624184686,0.734294100573884,0.752679960787167,1.5357353282592705,1.0455445496431601,1.295028169605061,1.206165735865135,1.0187736214245133,1.1142045847964486
Stat1 P Ser727,1.1061407158491599,0.9127158627070864,1.2507485545392731,1.1106256368163478,1.008076893026714,1.1523936262127,1.1295150185436447,0.9490821132568966,1.0597559899055644,1.318765891914593,1.0686947677784233,1.1782881008885273,1.122169524622668,1.1278009696489728,0.9937051815246936,1.0172134101910328,1.2007942500172473,1.056019251956616,1.1803864424570654,0.9630870510648624,1.0267980372794787,1.1275672242466959,1.2054246530273593,1.6805800307453684
Raf P Ser259,1.1354248276138503,0.9298598406678865,1.1533719067838388,1.3028745236436883,1.0917867815952822,1.2057045991758841,0.803032118410073,0.6659936275523329,0.5665446769269413,0.8613000640885597,0.714661427962641,0.5770546043345924,1.0335945846494428,1.0157863794076092,1.0401290614024397,0.9748838902072771,1.1412062287932454,0.9958133721892576,0.928321137681311,0.6904077514444421,1.0116590329375643,0.746915190904747,0.7306876028720833,1.1686229663360743
PLC-gamma1 P Tyr783,2.269178073247457,1.739398122771271,2.27241002896572,1.7586631967429098,1.4582173123247735,1.664767093687799,4.801892165929454,3.7430780882958574,3.8020494643621467,2.268742254866937,1.7272436727637979,1.9170547367312634,1.0461542660469976,1.628448508537496,1.1615293303433034,0.8574613474172686,1.392412244366683,1.2341145096597925,4.076838520325795,3.5240929437520516,2.621389631953764,2.7052037405997282,3.18220179180371,2.737839464191226
PDK-1 P Ser241,1.0773925959592379,0.9559214171664822,1.3035394438501002,1.0409319664970957,0.9244317767469066,1.0848158276260678,1.1685489741760273,0.9822823714787937,0.9800557130980752,0.9595597722130023,0.7432422815547467,0.856766687186733,1.051706506161143,0.9752345531829753,0.9441575241035605,0.8842372384070719,1.0573571742440737,0.9679839963992013,1.062015486974914,0.967266659016715,0.9571015175700824,0.7525745620527361,0.9619299264516437,1.1287985737063677
"p90 S6 kinase (Rsk1-3) P Thr359,Ser363",1.166533015900043,1.1193694849407532,1.2974042646883506,1.3158271276828073,1.1483264841409977,1.6276176014114305,2.3063721309567367,1.358515052354329,2.4906261793027342,2.1321639174222042,1.069715100360021,2.4375589302338474,4.988993071163415,1.1439845465837588,1.5767982322856129,3.3527006139958484,1.7887666324980047,1.8233364280409836,2.3873480164110505,1.5945478979567285,3.004575122386868,1.5704625670402692,1.292652539391887,3.803101996034709
PDK-1,1.1930545015175213,0.917105384234499,1.2123138172205947,1.268578275529016,0.9833925338322163,1.122278478603545,1.278141508757041,0.8990530687394496,0.8065956485962225,1.1177031667813062,0.7015377548192074,0.8489058106544947,0.955589978342043,1.0395193638511533,0.822546369907633,0.9194123704169704,1.0466989335848695,1.4650623139850338,1.220569426976444,0.7635213167163583,0.7436357681830034,0.7712299006113195,0.7602796359679398,0.8689187353645091
p70 S6 Kinase,1.3457274480463675,0.8599041003715272,1.1711134675329782,1.0500349312678672,1.01440540829474,1.1430950606685404,1.393740690086277,1.108640423700789,1.0375157965140822,1.2500857454153318,0.9383118418682553,1.005334763271317,0.7633930189752378,1.157099828420765,0.7488791141792528,0.7514164279516309,0.9246966260975495,1.0436859816933635,1.029836754275229,1.0443532981343873,0.7250066142340218,0.8802185138153815,0.8182722953038707,0.9620440645957457
"JAK1 P Tyr1022,Thr1023",1.4235257433621717,1.2797111919077526,1.5436711938165506,1.294744168895887,1.2638540904023539,1.5129685515578792,2.38897042569808,1.9288217685651137,2.003414002136193,1.6641226622095486,1.2933104114794958,1.3250333339900875,1.0135615487354912,1.2247791821907517,1.0244481370035854,1.0792380718013128,1.1783243683602647,1.0191108363499346,1.561965619574758,1.5017790504851192,1.364797781393192,1.1500332082375246,1.3485256603259514,1.564706275141314
"c-Myc P Thr58,Ser62",1.386465532797207,1.047920660860377,1.1931423111610577,1.1538668738093494,0.9945874531749607,0.9913355679518343,0.9888043055357474,0.7984104727010906,0.949955765627761,0.9210923828037687,0.6976173828887755,0.8759862142143442,1.618016786011061,0.7820823620084291,1.2387095979564575,1.496440532649858,0.6938794486152454,1.9123239914795938,0.9803855054537168,1.048763841596147,0.7695163936556416,0.5471754575175479,1.0112143200729982,1.9348534727368654
"SAPK/JNK P Thr183,Tyr185",1.2700414313840855,0.9694846309304711,1.328161516340092,1.2130875738020122,0.9746753460579042,1.2473674990824162,1.6745595968442362,1.5746334811355467,1.6026249439763691,1.4419748830134893,1.2568533278967728,1.2866118651407974,1.1949870147816677,0.9012942769145339,0.7708857986748985,1.104962711843009,1.295276337780582,0.8971578420979086,1.4708376190754848,1.0348127806873626,1.1664733942171661,1.0039184092594813,1.0745352852930399,1.5022253613590468
"S6 Ribosomal protein p Ser240,Ser244",1.1246783609475064,0.9772487213626313,1.6212681884909645,1.6655609244885106,1.7262843069481628,1.9717679135975017,1.6642126253128542,1.4796023374983904,1.3164147378443332,5.250991551123577,3.757875655619583,4.070894379016997,1.2190036718117878,1.362729394865499,1.1442890869555586,0.949109799873212,1.3568330223827416,1.355973601593073,1.7917402141007233,1.3189083599931584,1.3376994265181594,3.4228547234224855,4.885386654637632,5.128998845009988
S6 Ribosomal Protein,1.366785799826048,1.0402015831712057,1.3424123284845315,1.206376540336901,1.1071815255132975,1.1573382739846436,1.2707599400140357,1.420509432124131,1.0857404207252837,1.1283406207870654,0.8387053289190355,0.8592855335690551,0.8562507299555095,1.1819518921663317,0.842659331183582,0.8288724615683059,1.1100523730084,0.7674383092657107,0.8731638192798121,0.7295724807223103,0.9356753709197059,0.6681890559469003,0.7932826794851576,1.0642738253426
"Rb P  Ser807,Ser811",1.0901238959578696,0.9813213462484536,1.3165482920091582,1.150264606320167,1.1311498686780161,1.3096059535805706,1.3275484054125906,1.1024050529828335,1.1247921879937788,1.7474790781752845,1.257029079648362,1.4042092856146944,1.0342101691864631,1.1357089668228875,0.9586886952956787,0.9138676381185483,1.1498473053865739,1.0189757345589094,1.0932163957623515,0.9091235910653043,0.9096024777623926,1.0497084193972173,1.158201646308811,1.3390791676739855
Rb P Ser780,1.2040013018646933,0.8935071954910181,1.184762998568926,1.1282685213607295,0.9609335381595236,1.0779643230973923,1.4589418981570645,1.190274761263968,1.120701660110968,1.3019968439675276,0.936787905941771,0.9941642424583494,1.0418263672332926,1.10149658251631,0.9969745274215015,0.9876161372001812,1.0611243549356517,0.8285048925910088,1.1729714027348608,0.9337635996402007,0.8944916456372441,0.8000120271487964,0.8341941254141755,0.9959915430324054
Raf P Ser338,1.149950496643749,0.9299536623859423,1.3124034636371076,1.1722496716825586,1.0660265193447822,1.3115141547450972,2.4367818070618203,1.990677682460513,2.094003845846508,2.260111408597202,1.7092614405707234,1.8193371504386289,1.1300208330699424,1.1447559267383263,0.9011478752772971,0.9688749219121217,1.1292551780062459,1.089128266365653,2.1170235466583205,1.8151782131351029,1.7376352092151153,1.6887634331748973,1.98853889178801,2.3869800387850044
MAPKAPK-2 P Thr334,1.1099559559740846,0.8210177227746437,1.2477510596114936,1.1735547460744569,1.0252266144312665,0.8782622791720842,1.036091553501639,0.830881040337451,1.1282362010094322,1.1092847651543811,0.5409224246726717,0.7234963993889312,1.16195202745959,0.8932258428304312,1.236985140993836,0.8326750418091551,0.9626972787292993,1.149742317075201,1.1817235419622705,3.9541429645451682,3.6401775697912298,1.123753536189163,3.746167876123877,4.411535462974495
Bax,1.19446603289611,0.908418788366599,1.267545321405912,1.1145222160908992,1.0320475656196382,1.1647830734538682,1.18753574965155,1.1515592591295638,0.9718805966108139,1.0882663063627458,0.961191342894813,0.8358729618324515,0.851165839688796,1.207296621775677,0.8874322632939454,0.8385327924210941,1.2132564133012904,0.9437013537814976,1.069051725527202,0.9393554469074423,1.0451276841754547,0.9075561981126308,0.8783905029143049,1.0268657866056219
Stat1 P Tyr701,1.2504543245500375,1.0462757872216344,1.2604508279822333,1.4387060555435414,1.044052388804614,1.1578400369992232,1.0403484541421248,0.8564518857567336,1.1478970192436002,0.9627711782170707,0.8319989390811928,1.1284949957830093,0.903153219979585,1.3959956598085466,0.6123261487469656,0.5353429372107619,2.4572563382797,1.0186750908292954,2.9653493614218944,1.15232871600526,1.6785951618686237,3.614874072440206,2.004508644135367,2.9590391085419485
Src (family) P Tyr416,1.2353591039532448,1.0542661329659864,1.3942371242926845,1.3302437796942246,1.2795418298682166,1.3494932766970456,1.5819487964232364,1.3574785443026947,1.3929327732521424,1.1352556977465862,0.9512998451217978,0.9843407728356991,1.1426456640419813,0.8322122778825822,0.9924276536835747,0.9591618172009769,1.100304710659028,1.0429598182601727,1.3923764567033943,1.1388886606211466,1.0321514455909415,0.8078672956139515,1.0796911640901186,1.0260350265958695
"Smad2/3 P Ser465/Ser423,Ser467/Ser425",1.0721084973991553,0.9219915709231533,1.26416567675412,1.0822428541108247,1.1622217480711867,1.2702026903356924,1.0577410881217935,0.9521029460342942,1.0370695498890057,1.0199664074707875,0.92940077664925,0.9274572888882392,1.2557554453436546,0.9785998063969066,0.9685430365480736,0.9875320022898709,0.996477513270982,1.0758111347443817,1.2844444288247516,0.934880828304564,0.8065955983172542,0.9549004793696291,0.8981055571778155,0.9550084475881261
Smad1/5 P Ser463/Ser465,1.0407249793989652,0.9136816977952151,1.1629507711635245,1.196261376625217,1.031078574207253,1.1255062990348508,0.9881372510992192,0.6436376894802414,0.9456846648811787,1.11472021340031,0.911830431568607,1.207280045815729,1.1647543004581995,1.0859377399789605,0.9610795066713267,1.0111112055973739,0.9608738199599096,0.9578225743277047,1.1789914722949002,0.8925393706904136,0.9059890369637642,0.8527921970309359,0.7908148086343407,1.02793066070813
Cyclin D1 P Thr286,0.8418584910166819,0.858195918690281,1.1169674321133416,0.8546345903969266,0.8733874223737772,0.9720793124631535,1.0832476506634294,0.8045610668853375,0.9374737857046457,1.1193977271053945,0.906136525725956,0.9478187818892556,1.1019504176717063,0.9292789251241418,0.9219494109566296,0.7953087559911722,1.011883840771563,1.1570355163343837,1.2027990226889766,1.0956481567265277,0.984847182185793,0.999226252500606,1.1200575877419476,1.5519324216097214
Bcl-2,1.1060154729931306,0.8766476101473116,1.0595987485194478,0.9892970149328993,0.905001978043993,1.1312950683781131,1.0273143806518108,0.900882177795202,1.0409192369464886,1.1880185236969363,0.820950714575803,0.8699470930061122,0.9871957127774383,1.217799460882131,1.04254983539581,0.9776603794988341,1.0604909908094864,0.9131210952536909,1.0098607456283337,0.9514178890819208,0.9070342617462028,0.8174015308856444,0.8839271907054403,0.8450846256877115
Bcl-xl,1.1058676820087656,0.8826739063625221,1.2495509114347834,1.0432033260454658,0.933774530985384,1.070391807525506,1.0141460746046729,0.9691173115264741,1.045137130311057,0.984538375177546,0.8280154621796344,0.892700850800563,1.1023094336971782,1.1499206651047396,0.945918053501924,1.056885500255285,1.354374151930897,0.7956137800385027,1.1099532072404832,0.9318860445859951,0.8749646858360236,0.815367642222575,0.9351824789679516,0.722370218023529
c-Jun N-term,1.206817458481224,0.9311225187052967,1.43440022319755,1.1070797147199374,0.9164210735589423,1.2954764300909618,1.0914077263208997,0.8578211745637415,0.8285734554038117,0.9790606674193365,0.7915189471119306,0.8390614443553202,1.043078876731041,0.9696293921819353,0.9055415815709238,0.9572899907582166,0.9675620772507525,0.9375572943344797,1.113611235213032,1.016169245895667,0.8915940297650602,1.2955893436693924,1.0980714255565214,1.4316129650817482
Caspase 3,1.0993329108402248,0.8968535685921604,1.2620997988591554,0.9856155634029168,0.9712446006346468,1.100947540697475,1.0914721888725547,0.8872795581302513,0.9363636406344439,0.9499308725601738,0.740066686077404,0.7885521496300637,1.0013412217401547,1.010004540765568,0.8910124907859928,0.8807304991453238,1.0785761815879504,0.9594775382274321,1.1306991212174065,0.9756372915437012,0.8825241285062222,0.8334803589313201,0.9511022344134163,1.0622717970608617
Caspase 3 cleaved,1.9931750706158269,1.1731720423600611,1.5665008033361678,2.137100647707792,1.1189069499750435,1.1200554692544475,1.0765694583015648,0.7911897071421888,1.0023247490749774,1.1177657480517862,0.7072866876400199,1.0287171871404568,1.2186366497743597,4.7502304955112615,0.9199165421392409,0.8566155502875654,5.833336134918836,1.1928774690397526,1.736303680428691,1.4710442102560044,0.9243431009753609,0.9107805075697473,1.2688474081452645,1.0657217706804731
CDK1 (p34cdc2)  P Tyr15,1.3450229160273441,1.2335612727401348,1.658906650180685,1.3337734413200366,1.2780668144576932,1.427744197969607,2.876173480316869,2.248462560906593,2.2830529348766007,1.7414476035315856,1.4616543173147583,1.5348793877158526,0.9843609027978533,1.1318292543471953,0.8590413372029009,0.8622339942256212,1.1669904762037295,0.8647825045755548,1.5540552080098697,1.3007733514983382,1.1227049394753918,1.0618274157711827,1.2006983995364124,1.1954440787741434
p53,1.1951678285563536,1.0017796310214955,1.3329205342474209,1.1082172719319716,0.9062930550689341,1.1979151832165322,1.0365543887840598,0.7591765326675409,0.9189719041618544,0.9090654159082849,0.6546445343843976,0.7395807944863388,1.0520122601147257,1.217845961388358,0.9422589037038261,0.8959448251676682,1.110920342120003,0.893570083145625,1.051013157815917,0.7573978901078189,1.1942489041633682,0.7089263487661346,0.7185245815088283,1.2839097381683862
EGFR P Tyr1086,1.09732439737378,0.909948683404343,1.3700750418280323,1.2499766049542198,0.9094108304745641,1.149413066695826,1.5258739713210236,1.0096665567064484,1.2105643171876543,1.0914649447797369,0.7995711963177514,1.0296965187497336,1.0460893424983324,1.1495275647715728,0.6793947929373683,0.9110080166727459,1.1180933921047078,0.8950342851639138,1.3093790696885224,1.0439015757137684,0.9255894988286887,1.0667080935787636,1.092449458632314,1.057681764861022
GSK-3-beta P Ser9,1.4812192671664617,1.0813064135412376,1.3383217491468462,1.1248064420200674,1.1550030145319654,1.4941562048875743,1.5760340244805484,1.3500328723672157,1.735834414244199,1.3383676872206385,1.3849086710758889,1.541316979786052,0.8797074538373495,1.2423120499285834,0.9630202860555954,0.8840825811069585,1.2535890064728497,1.0171899390629027,1.5154990918012847,1.6357345010623447,1.4036705820648474,1.3586287825177188,1.4490317356753293,1.7345195987423754
GSK-3-beta,1.1470542411146056,0.9157105941091185,1.1866537235003989,1.0715852533258887,0.9067773840206031,1.0588166600738957,1.1518725868025639,0.9219833498314466,0.9298979714747978,0.9531753249850964,0.7250665091064092,0.7604175498047615,1.0591849129464233,1.0691705156355604,0.9220158368115275,0.9364456506472287,1.164769800123475,0.9128302233004116,1.002508887033272,0.8772429904906179,0.9841068867058734,0.741877259781978,0.8535021957587062,1.1654373506724993
IRS-1 P S636/639,1.1434972579860256,1.0347480813575731,1.370545650798519,1.028531822435544,1.052949933539653,1.2289522726829174,1.5532541184230706,1.2272298562742125,1.2972786786462562,1.4542579396206405,1.0232257508441616,1.1034873449212994,1.099180838086135,1.2540819895845665,0.9973724765971673,0.9034166603655752,1.248505965697326,1.0521609181092402,1.2993716954038763,1.1334682290312863,1.0483532570769714,1.1266583834544897,1.3877708675423932,1.5779505478646707
PLC-gamma1,1.267827435791049,0.9516856101494372,1.2187377728429987,1.0668442097494537,1.0035227039101027,1.0355046458019554,1.1767209227828495,1.0961420998565337,1.0716464211340275,0.9946417333306292,0.8401253421222198,0.9413240774791226,0.9921919450687113,0.9779750978274475,0.8588091064976213,0.8625620406671365,1.019535546844257,0.9395139636572123,0.9793380925914908,0.9240932445042365,0.9244745175759598,0.6259615058380843,0.9271613203010118,1.1780625641435873
"Smad2 P Ser465,Ser467",0.9635584563967788,0.9224790665293121,1.3387039140076131,0.8953083721528706,0.9748036214690281,1.0242271663528606,0.9766060657410706,0.8051756924186094,0.8334561211338706,0.7920695352606067,0.7286581787521528,0.7324986629553467,1.143222802368491,0.6944097286200945,1.2856282348929653,0.8080022585670145,0.8687651497880594,0.9229737677197843,1.2127985631040994,1.5649449209354833,1.1492714084732318,0.6738897740354876,1.3028084885362559,1.3121182676732082
"Smad3 P Ser423,Ser425",1.1451494205438917,0.9712629210264209,1.2426136881541452,1.1199751433773062,1.08807303382547,1.162585371839037,1.142585306904965,0.8997505117087391,0.8560885928579183,1.1313494041577712,0.817352668699675,0.8152109324209473,1.0424706075229628,1.094952632672338,0.9277508211473271,0.8488875595248004,1.0558153870647229,1.110864795024703,1.0764842836469153,1.0148176112710838,1.0399507830553951,0.8194860788948859,1.1441982381282851,1.5269999703233688
CDK2 ,1.196740025119296,0.9684766187279986,1.1607730659765818,1.007989774360938,0.9948960433398197,1.0561483605422597,1.2471675666959883,1.0599730411661341,1.0975176876867394,1.2133279605357863,0.9030953412122955,0.8766383138859256,0.7479185378292974,1.2299478019417565,0.8862883002749438,0.8656296080388332,1.2303035699706186,0.9010027624834277,0.8840494625428219,1.0045137545116882,0.9073608537456274,0.7869538458794197,0.9049079580822235,1.1559062520562438
Stat3,1.0955631786822293,0.8953662608964712,1.3404488710792726,1.0260775629045575,0.9574603877600723,1.0722917191538146,1.053156172964359,1.0410296409495519,1.075695691926123,0.978134815708797,0.8231680323509148,0.8805019801482017,0.9194344132892626,1.0751810025831612,0.9020876397236794,0.8788170689465099,1.1092026754736077,0.9526303594764627,1.0414244591907125,0.9530327562673213,0.9971385524415209,0.7230362324784111,0.8499075268927196,1.2191108346761643
Rsk2 Pser 227,1.2599045174482075,0.9691525843369159,1.2589763570080803,1.3051574609703371,1.0830848116917773,1.29720854586028,1.7749020282957677,1.5581464171691064,1.552190485049582,1.8484540497916322,1.4063069472295209,1.4159154698226764,1.1423203764151972,1.2633021818264327,1.1376681218914335,1.0201186817532315,1.3279521907756047,1.0717590132301802,1.8347665164614184,1.456741032479703,1.500591326982331,1.4955182801408171,1.5063692227158993,1.9807633456335678
NFkB p105/p50,1.1494402293578376,0.9157541917339242,1.1766757846613327,1.0912595329680268,0.969538918310363,1.0291946839638393,1.0208342717493453,0.8894006137068122,0.9210895577005449,0.9420231137571987,0.7997012860161345,0.880428488585524,1.0396418689734788,0.9670666531518537,0.8826046222071994,0.855471603191146,1.080112350770789,0.932724648952442,1.1599872401240499,0.9706773479940642,0.7696274882931091,0.8266530387049538,0.9369057707640424,0.9479296191854444
PDGFR P Tyr1021,1.7259805848452392,1.4058927340522682,2.334130361425708,1.562820399543584,1.2643626303488118,1.4357618800441236,5.749372330898812,4.405359751179653,3.512513160867646,2.2888338603482703,1.7440221295153062,1.602868181311493,1.420509806010927,1.0382201784323266,1.0464808801912966,1.0598180343296864,0.9651150777325259,1.1339002810866643,2.609670378255746,2.5579379547621026,2.133780802940273,1.3390011089128577,1.9735509447366437,2.1986668994343765
PDGFR  P Tyr751,1.4963086004693578,0.9368602754140157,1.7099147586722176,1.091345803345518,0.9150196087475595,1.2976548165068547,4.4513291368423165,3.943125018254131,2.896536402491132,2.9079671467076937,2.395618813420186,2.0510456454885544,1.551326433552551,1.0726137121006787,1.1119988363106235,1.0497400494970093,1.1409620333381478,0.9765340024563455,2.2523087672469013,1.713566823325362,1.4681221679071261,1.1039576820654424,1.7712428118926857,1.5753320373323592
Bcl-2 P Ser70,0.9037313855568702,1.0076351112809685,0.985316742170362,1.0861384229306807,0.8709107842359914,1.0957548914277866,1.898334802261818,0.8716077760585358,0.9625247234329085,1.72981017891321,0.7929218923755053,1.2988016391253028,1.1193508826269107,1.0353181343451852,0.8407691016961815,0.9210305827381766,0.9937688431172372,0.8984717862681183,1.2442018363966802,0.9678697981066691,0.843209749737217,1.042157387104932,1.2096352019021475,1.3520263772670222
IGF-1R beta,1.1018601681444773,0.9491493193170829,1.241548168558017,1.0285456943389788,1.0363312871995738,1.1084506621219503,1.1350268698604706,0.9203969773779669,0.915883755670651,1.062526935695339,0.7685594582923386,0.7914437349118089,0.9387779934060239,1.087775784122842,0.8072955030538249,0.7873749802797909,1.148965308755526,0.9405953495420241,0.8979209895498609,0.9300722159799164,0.9326810652027402,0.8473611249453347,1.057704028425911,1.0715245760701493
Rock1 (C8F7),1.1074586498836374,0.9850613345074283,1.0924007886387488,1.2042575059584977,1.065881598423524,1.2582691180636651,1.037088499738371,0.9062957940737715,0.9958774229107846,0.9291211682501216,0.8339075135865913,0.8792087623927999,1.2119034678785854,1.059951449787707,0.8847654117069174,1.1583730825617566,1.121601878020243,0.8657450979389089,1.3394522693253812,1.3110110148353702,1.0438740374673867,0.45408585288157755,1.155993014267332,0.6729614659783812
B-Raf [EP152Y],1.1522945918605645,0.9488134126329427,1.3493339025237947,1.1160609323384252,0.9705282700683114,1.0931647149189687,0.9424052152273285,0.8468774876869303,0.9625333453510898,0.7171799304931522,0.6503942581883985,0.7697098731474289,0.8952275369365366,0.9858102236067596,0.9183920667504917,0.7843442625949918,1.098139487558757,1.0236452651918206,1.0176375772183386,0.86449360837071,0.8100359798150655,0.708222565672971,0.8754298201851334,1.1367618762407918
YAP1 [EP1674Y],1.2595319627518053,0.9220516000222169,1.1697988752144794,1.0755804376919467,0.8744800822822663,1.0638687150346364,1.1518182930043606,0.9440920705384345,0.9245684880957272,1.024390709624706,0.722441505332935,0.7412700084757503,1.0534918589443374,1.11271515432266,0.9126003147183367,0.861193016634858,1.1048203489392723,0.9142478456546096,1.1410374281195503,0.8707776082737495,0.9582108839323672,0.8177348880350942,0.8309783663915284,1.2387567804191522
RhoA (67BC),1.136301208115546,0.8419724336267617,1.135101916685365,0.947660229487123,0.922868287989662,0.9389563040332096,1.1875749192425682,1.1884317639524526,1.0639429105372809,1.071289726064079,0.8851752339827367,1.010445232407906,1.0809050459856668,1.01469648718083,0.812367778625959,0.8181128529225533,1.0191883391903336,0.9178312914273936,1.2169389277742597,1.0000373436798486,0.8466119955176239,0.8855508920254962,0.9193074473772318,1.007039616657232
YAP P Ser127,1.130823051222409,0.9292002707788801,1.3669633015475973,1.2673934593444292,1.1190276411224231,1.2039573809849842,0.9851616487715905,0.7695319139885594,0.7796881635371999,0.86753443779399,0.6139464779809374,0.6268055599763157,1.3297820581816506,0.9785115587655929,1.0912458137231815,1.0900042536947452,1.0143156782311737,1.009853886042851,1.1280353242327814,1.0800289461909585,1.0302899627486986,0.7158152124522853,0.9273131427102975,1.6197394699481784
PKC-alpha,1.192572828531805,1.0563479862359282,1.3175170558997689,1.0873704532474786,1.1359681096295027,0.9267614836990274,1.0948284827867436,0.9688885579743439,0.769738901019505,1.092280438663401,0.8470666468159289,0.756933198399678,1.2906441081572204,0.9001192136380702,0.9317297096862661,0.8579110323942014,1.0261176032352128,1.2513305997103326,1.0285250128364989,0.8167341026670689,0.9604666575711094,0.8772222695409083,0.9379985528878275,1.159950354552147
Mouse_1,1.2167725846892743,0.8837515008472195,1.0291857565388123,0.9936063935351809,0.946201676136425,0.863608034606376,1.1047950692812967,1.177713835591061,0.8465488232663513,1.0362265828965487,1.0756165840950993,0.9411762445750468,1.1770684606519153,0.9709102348560802,0.9891348411854427,1.1226716969797954,1.1082709291768376,1.1134585244367081,1.1621936031945228,0.7948519697119489,0.7696898827005887,0.8426757046092118,0.7918372772019753,0.7559686609277689
Mouse_2,1.1672205063720955,0.8782759247750919,0.8484785985144342,1.0085622077736303,1.0422584634239038,0.881268512614451,1.1651390607144914,0.9335514284598762,0.7932665896921078,1.0836458113064855,0.8493308437665458,0.9313374608838312,0.9835977394744183,1.0080965471983379,1.0466065480534104,0.9038329507682675,1.0541392318405922,0.6792956632528687,0.945645918422236,0.9500660048347962,1.0258172063356785,0.8632971917350752,0.9829822790971183,0.8034830438509665
Cyclin D1,1.0255547602943689,0.8000636960411084,1.1073941832724148,0.9713554505270108,0.9249032981070716,0.9814870698110317,1.1557923027520365,0.9842580916963309,1.0017221602270379,1.0368168516650058,0.8625791112064567,0.8047108556015015,0.8653028541821121,1.0278548813982298,0.9743802777239777,0.7470155131966967,1.0740359354641276,1.0794377523419492,1.062265890115033,1.0314110345223904,0.861651706768453,0.7219405586022706,0.8858299584721037,0.9243322236655017
p21 CIP/WAF1,1.07048789431751,0.9218103628297899,1.1597421122503453,1.1064050351017485,1.0820389174548397,0.9648593408023591,0.9551360952310268,0.9210766812172645,0.948853918323374,0.8562602938767704,0.7943510408386524,0.8406682990939797,1.0922015293482996,0.9482556180040841,0.9699862758666902,0.9077149375401452,1.1668433981086432,1.144468384069721,1.0403764083809801,0.9168645189181442,0.9720747467937301,0.8695557641697726,1.0746954639059219,1.1877844768973405
Stat3 P Tyr705,1.0851918333964443,0.8957627467742124,1.1235861989664329,1.2444180869769483,1.0504014182700527,1.1520103468467344,1.128347114554757,0.7991670048273178,1.055022136650847,0.9251060120622033,0.8000828876200006,0.8982693021004498,1.0118811818985336,0.8397394369780609,0.9965203406091733,0.8545924120246152,0.8802036135187601,0.8940334911974843,1.2837326057271707,1.0191988718228235,0.8372823344630218,0.7953129353386403,0.9106372849802561,0.9838365298277172
CrkL,1.0208833998166837,0.8237584892870642,1.105250539455992,1.045429006175212,0.845945341909971,0.9812570129242819,1.061315903095217,0.8580065763040536,0.870566363669388,0.9353685038480805,0.782709230937864,0.8342317681984875,1.0061893875830308,1.0188685904389303,0.8988802371596248,0.8360154719627405,1.0513501909179575,0.9922552277622257,1.0841914236515042,0.8742765758969326,0.9159846255723456,0.7014237585900343,0.8461794343971442,1.1568966966918113
HSP27 (HSPB1),1.0524175149615669,0.9656898165902654,1.1421798679810584,1.0512918026749245,1.0427036669554972,1.0872233709696522,0.981662443984447,0.7755366573928623,0.8009697150844306,0.9939645105749639,0.7742157989714892,0.8030766157296202,0.8584951131299933,0.9739388742092594,0.783901110276597,0.7894096774352936,0.9834414436700097,1.0376698147603063,0.9802539545204026,0.9766275276612276,1.0516773058315612,0.7665193026193595,0.9273048164838311,1.2583543855375394
Ras,1.1633875780936416,0.9394512309013875,1.1396350633397274,1.1655247572607044,1.0337455517712872,1.0611093564677572,0.9868384720384791,0.8705785982696707,1.075022322478082,0.984889948701929,0.9010699436816849,0.9063833240456807,0.8848522086260147,1.086618960951954,0.9264911077503445,0.7346945309911546,1.2673594526694318,0.856521678325599,1.135871431514807,0.9064686377775183,0.8175833633864144,0.8233536963147642,0.8631834940095803,0.8094890434915419
Stat1,1.134809147692666,0.9155233489881257,1.1845894420921816,1.1665265834097034,0.9874514860496064,0.9746588296230704,1.0463546460103732,0.9253022497208981,1.0631309809781504,0.9630296567097434,0.9869617696876465,1.0396568340220924,0.9000385367769378,0.9047848056746612,0.977785948614379,0.8490164048381018,1.0800119517567968,0.968772108937466,1.4358432884954355,0.9639648840009992,0.9378062551199634,0.9682085638147693,1.074634880959314,0.748368818026815
Mouse_3,1.3292442056320584,0.9457987208631002,1.0325070607964002,1.2158612992465836,1.2206120998574135,0.9302527807940955,1.4351994021560612,1.017959721480121,1.077461014334493,1.452082595846383,0.9962970730730777,0.997051876748847,1.002436992747731,0.526980325664192,0.6565913494809851,0.5638242541795244,0.7877124114435127,0.6625616849881683,1.749106967793105,1.3515386543895294,1.004351465857223,1.006622922042791,0.8513112814021262,0.7828903280801568
pTrk,2.18283966542073,4.54763596898824,5.1017033973467,4.11654807109003,2.56853305524604,3.6005430658086994,15.801034128144801,9.64841770164637,8.34615676823063,9.04277681301413,4.037015138183549,7.374189588070604,4.233470607275592,4.233470607275593,5.1017033973467,4.11654807109003,3.6005430658087,3.6005430658087,15.801034128144801,12.39916068154165,12.39916068154165,9.04277681301413,7.374189588070603,7.374189588070604
